{
    "generator_losses": [
        2.0226352801645744,
        0.8839977853842127,
        1.1681197982098757,
        1.8895455958492466,
        2.3611210899820714,
        2.63816443230234,
        3.100943766546243,
        3.0010950725775327,
        3.3761338389345577,
        3.2729074053291574,
        3.5813241648966314,
        3.174481725440607,
        3.2178292132651944,
        2.78861495700361,
        3.3474055293526477,
        3.5928480443058173,
        3.2309004447959326,
        3.741838511170895,
        3.09344377107958,
        3.78627951452727,
        3.2423492323074528,
        3.316351984178887,
        3.994614689906777,
        3.325020977071544,
        2.6534069742340205,
        3.5600809832560274,
        3.935554686608091,
        4.429785103940252,
        3.42134082161048,
        4.339659626668157,
        4.612222993265846,
        3.359754585166043,
        3.7002519226706485,
        4.361637493055354,
        4.07316860406876,
        3.3355096125844192,
        4.302800648291394,
        3.48911706043451,
        4.67051975991426,
        5.646549606135786,
        4.4443100562482,
        3.0707834451582876,
        3.2921850024097004,
        4.826958043962967,
        3.2987149983860684,
        4.930699361158586,
        4.428493325404507,
        3.767804893980752,
        3.6376891839288192,
        3.807934101952959
    ],
    "discriminator_losses": [
        0.4050873755983738,
        0.6378119300677578,
        0.584504888383056,
        0.41303159550690194,
        0.32548945397138596,
        0.2805965050721346,
        0.21074307202371453,
        0.2511332326852627,
        0.18904531956004944,
        0.24178590947615186,
        0.160109643820427,
        0.2551472259820429,
        0.2681014717880216,
        0.28513803241301827,
        0.2307531941833018,
        0.2144409964905619,
        0.2518209941677257,
        0.17223889250923863,
        0.2696590899491806,
        0.15615036949189678,
        0.276766804865063,
        0.22640145512651216,
        0.14397833365073273,
        0.2814616198842126,
        0.338174358437231,
        0.19566996442253337,
        0.15061987685694941,
        0.09876707923421854,
        0.25032963413201065,
        0.12398402815235894,
        0.14193646517395575,
        0.24388296179560773,
        0.20191231510365631,
        0.12353669999163351,
        0.18250813219013182,
        0.23719895211086153,
        0.1631469346452822,
        0.19729056117186414,
        0.11325772229715117,
        0.06726390059872556,
        0.1210565810664686,
        0.33515438010771154,
        0.25722264971282244,
        0.0755635559169659,
        0.2598822762542315,
        0.06545200171584545,
        0.1699576786402037,
        0.18566138890665224,
        0.2726657374097761,
        0.1930648878629782
    ]
}